<DATE>,Volatility
2009-04-27,0.3108246446673788
2009-04-28,0.3159612589907777
2009-04-29,0.3166966929041395
2009-04-30,0.31663924978485763
2009-05-05,0.3213184881048824
2009-05-06,0.2944637055260634
2009-05-07,0.3384348472300853
2009-05-08,0.34578774964126446
2009-05-12,0.3565496372877652
2009-05-13,0.4020442929923723
2009-05-14,0.4040932363496428
2009-05-15,0.40227555009525945
2009-05-18,0.39960086568697545
2009-05-19,0.3972314280437519
2009-05-20,0.39542985860023927
2009-05-21,0.4039461141003534
2009-05-22,0.3685394551268836
2009-05-25,0.36926415660422135
2009-05-26,0.3902310943081625
2009-05-27,0.39146298800106527
2009-05-28,0.3921049840014265
2009-05-29,0.3820218628972562
2009-06-01,0.3810544715426657
2009-06-02,0.38358707347736093
2009-06-03,0.3845280087332486
2009-06-04,0.38985403481030034
2009-06-05,0.3066342959791748
2009-06-09,0.28408739603932215
2009-06-10,0.2338312489822288
2009-06-11,0.1842570130557608
2009-06-12,0.16371925528479378
2009-06-15,0.22137995047142867
2009-06-16,0.2207218352815226
2009-06-17,0.22135987626201084
2009-06-18,0.21052323734295947
2009-06-19,0.21533735073592836
2009-06-22,0.21488682211434232
2009-06-23,0.2112996265054551
2009-06-24,0.21811746612126212
2009-06-25,0.2183960670242739
2009-06-26,0.21994849348242934
2009-06-30,0.23140043587407025
2009-07-01,0.23155811429741244
2009-07-02,0.2382532172446907
2009-07-03,0.24023827942776527
2009-07-06,0.23945836096088566
2009-07-07,0.23866244686610688
2009-07-08,0.23232545246107206
2009-07-09,0.23536977040718707
2009-07-10,0.23540123292433793
2009-07-13,0.23927317849532945
2009-07-14,0.1703388332010446
2009-07-15,0.17447369197029533
2009-07-16,0.15587441623221468
2009-07-17,0.15344035947455903
2009-07-20,0.17652448808174448
2009-07-21,0.16256412887349544
2009-07-22,0.16466067872478468
2009-07-23,0.15829700128712482
2009-07-24,0.15848546143297954
2009-07-27,0.15767105512331964
2009-07-28,0.15194005164266103
2009-07-29,0.1507230466539861
2009-07-30,0.13431253641468657
2009-07-31,0.1347180773617932
2009-08-03,0.12986412473110479
2009-08-04,0.12912688736207187
2009-08-05,0.12685956839936188
2009-08-06,0.12680555497984616
2009-08-07,0.1231978815179079
2009-08-10,0.12303320048240586
2009-08-11,0.12388408210631342
2009-08-12,0.12145982862274568
2009-08-13,0.12101539580661175
2009-08-14,0.12186730902193628
2009-08-17,0.12589854276385545
2009-08-18,0.1264411817338493
2009-08-19,0.1314535071243398
2009-08-20,0.1311914598385767
2009-08-21,0.13387959761363172
2009-08-25,0.1351120980248692
2009-08-26,0.1327839728446007
2009-08-27,0.13266699177378874
2009-08-28,0.12327690570273353
2009-08-31,0.13255977996503346
2009-09-01,0.12305718909636873
2009-09-02,0.1229664253915453
2009-09-03,0.12035320795830542
2009-09-04,0.11614382255438326
2009-09-07,0.11659777978029924
2009-09-08,0.1186046761856609
2009-09-09,0.11852821143190144
2009-09-10,0.11835452018983511
2009-09-11,0.11780104760995194
2009-09-14,0.11778480393693633
2009-09-15,0.08364513015980485
2009-09-16,0.08328846088292348
2009-09-17,0.07416975261278562
2009-09-18,0.07390485465731396
2009-09-21,0.07140643238955151
2009-09-22,0.07540382713769946
2009-09-23,0.07472925144180197
2009-09-24,0.07495819843474294
2009-09-25,0.07396827559064213
2009-09-28,0.05719555758389493
2009-09-29,0.11438235058786568
2009-09-30,0.11629970123433976
2009-10-01,0.11791776260694686
2009-10-02,0.11828467431551654
2009-10-05,0.12060521809407039
2009-10-06,0.1359468165698497
2009-10-07,0.1428679635585343
2009-10-08,0.14445086376127111
2009-10-09,0.1447053844926762
2009-10-12,0.14498766760788398
2009-10-13,0.14656117140022806
2009-10-14,0.1552339708113202
2009-10-15,0.15725334334818064
2009-10-16,0.15894337968830588
2009-10-19,0.15378867815721098
2009-10-20,0.15307799670468597
2009-10-21,0.1568021375648584
2009-10-22,0.15781102212196904
2009-10-23,0.158339638979729
2009-10-26,0.15784797516483962
2009-10-27,0.1280565752739702
2009-10-28,0.14155905406714483
2009-10-29,0.16109093574736216
2009-10-30,0.16067787805990502
2009-11-02,0.1596643926268597
2009-11-03,0.1419429131210274
2009-11-04,0.1440592435634813
2009-11-05,0.14299115956081274
2009-11-06,0.14391312278424948
2009-11-09,0.14378666062729592
2009-11-10,0.14427390339771715
2009-11-11,0.1382961402342421
2009-11-12,0.13761820627304291
2009-11-13,0.1364558564340389
2009-11-16,0.13778907276364885
2009-11-17,0.13761447506171798
2009-11-18,0.1344596762927793
2009-11-19,0.13338711518348084
2009-11-20,0.13369808809909142
2009-11-23,0.13409279841316885
2009-11-24,0.14671076080053325
2009-11-25,0.13059658995264914
2009-11-26,0.110890494973184
2009-11-27,0.11189320111806608
2009-11-30,0.11097660340213301
2009-12-01,0.11933837815514269
2009-12-02,0.11262274933028996
2009-12-03,0.11103997633473893
2009-12-04,0.10971503115533869
2009-12-07,0.10514486741003454
2009-12-08,0.09828171313931156
2009-12-09,0.09842730183471436
2009-12-10,0.0985172551188438
2009-12-11,0.09834223871102353
2009-12-14,0.0935813933081236
2009-12-15,0.09358036062903996
2009-12-16,0.09477060925945156
2009-12-17,0.09428473067735772
2009-12-18,0.09435224065263814
2009-12-21,0.0947816554554189
2009-12-22,0.07150208825284989
2009-12-23,0.07131281076840446
2009-12-24,0.06386883303547129
2009-12-25,0.0616176122636071
2009-12-28,0.059047898481851685
2009-12-29,0.04039656188240902
2009-12-30,0.041448067106613536
2009-12-31,0.03699932750590008
2010-01-05,0.042594382971240956
2010-01-06,0.04733387327129858
2010-01-11,0.06327034685659703
2010-01-12,0.06489400936710006
2010-01-13,0.06477121600460523
2010-01-14,0.06588174009426621
2010-01-15,0.06709363196339149
2010-01-18,0.06691517542399592
2010-01-19,0.06632858994108685
2010-01-20,0.0621308644902492
2010-01-21,0.06275535019361694
2010-01-22,0.06614786390300151
2010-01-25,0.06456878836109917
2010-01-26,0.06488864565775425
2010-01-27,0.06641574841447767
2010-01-28,0.06804589776166182
2010-01-29,0.06832968817260833
2010-02-01,0.069062795084082
2010-02-02,0.06928242074800722
2010-02-03,0.06955952582761171
2010-02-04,0.07870457926131381
2010-02-05,0.07728869118870565
2010-02-08,0.06444959423955333
2010-02-09,0.0635757731109844
2010-02-10,0.06529273578609357
2010-02-11,0.064225456024455
2010-02-12,0.06273845532683911
2010-02-15,0.06222905804604373
2010-02-16,0.06786457009299791
2010-02-17,0.06954509637686648
2010-02-18,0.06842051100726325
2010-02-19,0.06288341452485757
2010-02-22,0.07270406973456979
2010-02-23,0.09239732433181698
2010-02-24,0.09239127777478486
2010-02-25,0.09903108873017284
2010-02-26,0.09952248054279807
2010-03-01,0.09952605092017867
2010-03-02,0.1012463966832956
2010-03-03,0.10125564473115134
2010-03-04,0.08901961568287133
2010-03-05,0.10249690390690316
2010-03-09,0.10052025228220894
2010-03-10,0.10444580011014025
2010-03-11,0.10814795996914792
2010-03-12,0.11052099322739985
2010-03-15,0.11013556928477095
2010-03-16,0.11490883281027903
2010-03-17,0.11449973008706905
2010-03-18,0.11350011208834639
2010-03-19,0.11418343321171846
2010-03-22,0.12613093603715397
2010-03-23,0.13664028217261995
2010-03-24,0.13565799432765435
2010-03-25,0.14276278485833538
2010-03-26,0.1397436788703776
2010-03-29,0.13949243667066588
2010-03-30,0.1411354772098281
2010-03-31,0.14478296253586226
2010-04-01,0.149017544940447
2010-04-02,0.15005819645892682
2010-04-06,0.1393735883575551
2010-04-07,0.13992597642930588
2010-04-08,0.13896683501221108
2010-04-09,0.13779773742975596
2010-04-12,0.13619256573734767
2010-04-13,0.1358565437047311
2010-04-14,0.13922232293254586
2010-04-15,0.13910298164491733
2010-04-16,0.13959599914950968
2010-04-19,0.14688862980286602
2010-04-20,0.1346253215983481
2010-04-21,0.1103356112167978
2010-04-22,0.10364412095152797
2010-04-23,0.09772653940233379
2010-04-26,0.11775269654878953
2010-04-27,0.11712220557630851
2010-04-28,0.12275447719089883
2010-04-29,0.1187742331919586
2010-04-30,0.11401124443648261
2010-05-05,0.15312542391474465
2010-05-06,0.15242341315023658
2010-05-07,0.1769630434532434
2010-05-11,0.18732667477312176
2010-05-12,0.18816359721060066
2010-05-13,0.18561253903696903
2010-05-14,0.18695034711010083
2010-05-17,0.18623593985287418
2010-05-18,0.18567635202779367
2010-05-19,0.20520258280698908
2010-05-20,0.2390490320844169
2010-05-21,0.23342923271136584
2010-05-25,0.25846911816135987
2010-05-26,0.3311373999213313
2010-05-27,0.3546858448283201
2010-05-28,0.34493879733832616
2010-05-31,0.34893349295740966
2010-06-01,0.3489754082699309
2010-06-02,0.34792545036316264
2010-06-03,0.34971424220137015
2010-06-04,0.3394080965794184
2010-06-07,0.34332962496952046
2010-06-08,0.33261866659773276
2010-06-09,0.3278436357658735
2010-06-10,0.32773555163158236
2010-06-11,0.327629894950503
2010-06-14,0.3302044224740031
2010-06-15,0.329584015490096
2010-06-16,0.329228008463033
2010-06-17,0.3111689578687816
2010-06-18,0.27123779548345395
2010-06-21,0.26918083905692497
2010-06-22,0.21920341371714389
2010-06-23,0.14914165034168173
2010-06-24,0.11105148649081069
2010-06-25,0.10779961300130089
2010-06-29,0.1272268765829288
2010-06-30,0.1272360786708241
2010-07-01,0.13181508700969938
2010-07-02,0.13018534248629782
2010-07-05,0.1282064656195475
2010-07-06,0.1388503830555556
2010-07-07,0.13860593660185846
2010-07-08,0.13709681864271953
2010-07-09,0.1377222262664916
2010-07-12,0.13769912089525005
2010-07-13,0.13254967571174922
2010-07-14,0.12469179297587432
2010-07-15,0.12440379188026154
2010-07-16,0.12421372645718926
2010-07-19,0.12421185619962237
2010-07-20,0.11718101680463197
2010-07-21,0.12984680747379695
2010-07-22,0.13300735570754774
2010-07-23,0.13498564905193736
2010-07-26,0.1300888250325973
2010-07-27,0.10539578956358245
2010-07-28,0.10847524004147577
2010-07-29,0.10111080159979634
2010-07-30,0.1029822358169122
2010-08-02,0.10614788821152972
2010-08-03,0.09161763342277346
2010-08-04,0.09509081991344472
2010-08-05,0.09423267151608714
2010-08-06,0.09364929813460104
2010-08-09,0.09366846036057831
2010-08-10,0.09742511342226669
2010-08-11,0.10641692225378585
2010-08-12,0.10644879251127123
2010-08-13,0.10791567935102071
2010-08-16,0.10775261662784553
2010-08-17,0.10823319788796879
2010-08-18,0.09181067479835037
2010-08-19,0.08349467045967135
2010-08-20,0.0829038023689219
2010-08-21,0.08389022072162808
2010-08-25,0.08494438947240555
2010-08-26,0.08510618006432136
2010-08-27,0.08062029829069405
2010-08-30,0.0806426832187145
2010-08-31,0.06872101444140591
2010-09-01,0.06764742386344497
2010-09-02,0.06644835621226927
2010-09-03,0.06780793709835378
2010-09-06,0.06821919687724254
2010-09-07,0.06827907176395093
2010-09-08,0.06528882277263821
2010-09-09,0.05280187515043628
2010-09-10,0.052692089839078825
2010-09-13,0.05809455567308844
2010-09-14,0.05868713012254566
2010-09-15,0.05892055758775106
2010-09-16,0.05893659285992725
2010-09-17,0.056915773767930875
2010-09-20,0.0544079483980048
2010-09-21,0.05368210420579973
2010-09-22,0.04707694288801507
2010-09-23,0.04740221927537884
2010-09-24,0.048214424047841736
2010-09-27,0.048242235993616676
2010-09-28,0.0452064124508748
2010-09-29,0.04675882276815787
2010-09-30,0.04895128693348438
2010-10-01,0.04785020719045204
2010-10-04,0.05625307091907536
2010-10-05,0.054787642906106264
2010-10-06,0.05468806421502761
2010-10-07,0.05603266616769343
2010-10-08,0.056397434406112605
2010-10-11,0.04498629284218409
2010-10-12,0.04451058290323127
2010-10-13,0.043563249278259816
2010-10-14,0.04873739184121324
2010-10-15,0.048052707961691615
2010-10-18,0.04885888473650048
2010-10-19,0.04710481762453207
2010-10-20,0.06438120252803849
2010-10-21,0.06919191286525218
2010-10-22,0.0675348196721596
2010-10-25,0.06844144548856988
2010-10-26,0.068335217986244
2010-10-27,0.07056495735081984
2010-10-28,0.07243215181955366
2010-10-29,0.07326306920693292
2010-11-01,0.06844238589599697
2010-11-02,0.06830821118689713
2010-11-03,0.06826478157196686
2010-11-04,0.06750918932733924
2010-11-05,0.06693342557995428
2010-11-08,0.07785585231538697
2010-11-09,0.07658417535105415
2010-11-10,0.07718496107779287
2010-11-11,0.07268579769579522
2010-11-12,0.07264683566472757
2010-11-15,0.07185344881201501
2010-11-16,0.07435996935496937
2010-11-17,0.06318747964289145
2010-11-18,0.0636459029494845
2010-11-19,0.06350357533535235
2010-11-22,0.06415564785338233
2010-11-23,0.06510155141842255
2010-11-24,0.0633282938736938
2010-11-25,0.06377999273626124
2010-11-26,0.07065188222231461
2010-11-29,0.06924644301291097
2010-11-30,0.06990542530059073
2010-12-01,0.07053304567602248
2010-12-02,0.07000958383654268
2010-12-03,0.07010137283223399
2010-12-06,0.057905803849726045
2010-12-07,0.057796443044561836
2010-12-08,0.0563480990381846
2010-12-09,0.05652304610106707
2010-12-10,0.05631148487204695
2010-12-13,0.05449188444314998
2010-12-14,0.050391717021053786
2010-12-15,0.052126612072686915
2010-12-16,0.05506718471269316
2010-12-17,0.05501901337348238
2010-12-20,0.05396857430645066
2010-12-21,0.052067159259231464
2010-12-22,0.05110367905158286
2010-12-23,0.04824880770986831
2010-12-24,0.037771146296849044
2010-12-27,0.057198886417336815
2010-12-28,0.05731353432860065
2010-12-29,0.05828520303028659
2010-12-30,0.05826763768980457
2010-12-31,0.0588568910345273
2011-01-05,0.058530595540709426
2011-01-06,0.061816743670451695
2011-01-10,0.06248848357670448
2011-01-11,0.06294600779514345
2011-01-12,0.06611940053883086
2011-01-13,0.0688888163394645
2011-01-14,0.06940478847104099
2011-01-17,0.06810864598071967
2011-01-18,0.06682118912253182
2011-01-19,0.06815466096584426
2011-01-20,0.07130984624219268
2011-01-21,0.0714747154509094
2011-01-24,0.07241431798253564
2011-01-25,0.07275433156361845
2011-01-26,0.07592129798020318
2011-01-27,0.06677074485489781
2011-01-28,0.07093688693495107
2011-01-31,0.06910349747086231
2011-02-01,0.07008233983802795
2011-02-02,0.07009824455692636
2011-02-03,0.07038047838459711
2011-02-04,0.06987444523759455
2011-02-07,0.06880944942790912
2011-02-08,0.06915708100269759
2011-02-09,0.06785879816336775
2011-02-10,0.07483195095762982
2011-02-11,0.0747520317511386
2011-02-14,0.07455057510077176
2011-02-15,0.06641606592773197
2011-02-16,0.06525711876079622
2011-02-17,0.06294643523607754
2011-02-18,0.06239355885957812
2011-02-21,0.06493246761699879
2011-02-22,0.06536396531850185
2011-02-23,0.06390801976799199
2011-02-24,0.08912921160570624
2011-02-25,0.09619118695659877
2011-02-28,0.09650828865300383
2011-03-01,0.09787212553939749
2011-03-02,0.09760227024846573
2011-03-03,0.09776684846403814
2011-03-04,0.09607292501996663
2011-03-09,0.09558173951191251
2011-03-10,0.09924928330437534
2011-03-11,0.09794859767107661
2011-03-12,0.0940590138191345
2011-03-14,0.09200963812800539
2011-03-15,0.09336712030663691
2011-03-16,0.0948373058292779
2011-03-17,0.09676342246157743
2011-03-18,0.09952580157092451
2011-03-21,0.10651962212022649
2011-03-22,0.10628973532263819
2011-03-23,0.10622218201087102
2011-03-24,0.10657167649849733
2011-03-25,0.08602470948789256
2011-03-28,0.07556819860987285
2011-03-29,0.07667590712159929
2011-03-30,0.07688668242186296
2011-03-31,0.07662201959256595
2011-04-01,0.07655757190124597
2011-04-04,0.07653557220709119
2011-04-05,0.0772007065325581
2011-04-06,0.06947112062611352
2011-04-07,0.0655819911511533
2011-04-08,0.0662028385590176
2011-04-11,0.06652711682495138
2011-04-12,0.06419303036729229
2011-04-13,0.06808226348876939
2011-04-14,0.06759880487465648
2011-04-15,0.0653914136643276
2011-04-18,0.07692580010325932
2011-04-19,0.07638757816266468
2011-04-20,0.07958147036239668
2011-04-21,0.07970851113180659
2011-04-22,0.0778964427132987
2011-04-26,0.07918835506728729
2011-04-27,0.07799070277151783
2011-04-28,0.07524633552192077
2011-04-29,0.0752218123963012
2011-05-04,0.07510959723465845
2011-05-05,0.07498084140070142
2011-05-06,0.07506423561292162
2011-05-10,0.07603953223151154
2011-05-11,0.07673941237449856
2011-05-12,0.07674366464723807
2011-05-13,0.07684389042078538
2011-05-16,0.07444122388492486
2011-05-17,0.06791676653188032
2011-05-18,0.07195512547538949
2011-05-19,0.07192865911416903
2011-05-20,0.05024844284883853
2011-05-23,0.053385333599193535
2011-05-24,0.049487874918932674
2011-05-25,0.0481120838779654
2011-05-26,0.04680440349914178
2011-05-27,0.044778042335429445
2011-05-30,0.044750111709464975
2011-05-31,0.04280866107103864
2011-06-01,0.0446278491941889
2011-06-02,0.04355306700182163
2011-06-03,0.04681076203158645
2011-06-06,0.04831535411990689
2011-06-07,0.047639126148127424
2011-06-08,0.051097158348029005
2011-06-09,0.05317364810159507
2011-06-10,0.05541670992082975
2011-06-14,0.05377072361926543
2011-06-15,0.05405533525891256
2011-06-16,0.05896506234399977
2011-06-17,0.05877323153468802
2011-06-20,0.07168314675674349
2011-06-21,0.070594248269367
2011-06-22,0.06977109676757062
2011-06-23,0.08168151798288158
2011-06-24,0.08618472277126486
2011-06-25,0.08420485969941739
2011-06-29,0.08476101437124611
2011-06-30,0.09316065308633158
2011-07-01,0.09375451335096653
2011-07-04,0.09408400266097808
2011-07-05,0.09331437439295973
2011-07-06,0.0930919094367893
2011-07-07,0.09686649989304727
2011-07-08,0.09537089594685864
2011-07-11,0.09607791538911722
2011-07-12,0.0954636396770611
2011-07-13,0.1089641366565314
2011-07-14,0.1091735457595818
2011-07-15,0.10685388180265673
2011-07-18,0.10629213154856405
2011-07-19,0.10198276267753767
2011-07-20,0.10266834314100565
2011-07-21,0.10545574359775012
2011-07-22,0.09492806621300587
2011-07-25,0.08885939270101677
2011-07-26,0.08871393438960394
2011-07-27,0.08898013694726296
2011-07-28,0.0833667702730044
2011-07-29,0.0833873832653942
2011-08-01,0.08175130498639974
2011-08-02,0.0818569181006564
2011-08-03,0.08345532976933087
2011-08-04,0.07971128147637195
2011-08-05,0.08549205558864537
2011-08-08,0.11762178257859282
2011-08-09,0.117585419099002
2011-08-10,0.13114591177727458
2011-08-11,0.13104777200397752
2011-08-12,0.14596239939772207
2011-08-15,0.16216572476122942
2011-08-16,0.1596560984772932
2011-08-17,0.15980779717815877
2011-08-18,0.15977933915487685
2011-08-19,0.15952264255640042
2011-08-22,0.1694813230668422
2011-08-23,0.17041625374606292
2011-08-25,0.1725500652479858
2011-08-26,0.17141477997050225
2011-08-29,0.18184410056918307
2011-08-30,0.18141485697084878
2011-08-31,0.1867495007762837
2011-09-01,0.18657808434573855
2011-09-02,0.18955374537196623
2011-09-05,0.1948089006446373
2011-09-06,0.1780888256797629
2011-09-07,0.18263798003969448
2011-09-08,0.1571844554501412
2011-09-09,0.16968166519396183
2011-09-12,0.15972062795657632
2011-09-13,0.14563753639277452
2011-09-14,0.14485020990583433
2011-09-15,0.14776319372615035
2011-09-16,0.14260413652979578
2011-09-19,0.14297215188492504
2011-09-20,0.13316592976012667
2011-09-21,0.1324192498841307
2011-09-22,0.13517701900467877
2011-09-23,0.1348815235262358
2011-09-26,0.12470818039663231
2011-09-27,0.1357726442581771
2011-09-28,0.12813710037820755
2011-09-29,0.13366001370596237
2011-09-30,0.12931695984104688
2011-10-03,0.12236122241156738
2011-10-04,0.13319236124577105
2011-10-05,0.12658524210274336
2011-10-06,0.12765448268616136
2011-10-07,0.1176448146878332
2011-10-10,0.12283789992509246
2011-10-11,0.12579507926726177
2011-10-12,0.12678051579433772
2011-10-13,0.12314192599801498
2011-10-14,0.12363729764229685
2011-10-17,0.12400853149649586
2011-10-18,0.12648713843943465
2011-10-19,0.1266598138109816
2011-10-20,0.12341963407763169
2011-10-21,0.1272870994640428
2011-10-24,0.13617647742655
2011-10-25,0.13390844154820422
2011-10-26,0.13473967135637388
2011-10-27,0.17029468379544693
2011-10-28,0.17019387093284535
2011-10-31,0.17208671279464274
2011-11-01,0.1729612062871116
2011-11-02,0.17299263391117944
2011-11-03,0.17291899232540314
2011-11-04,0.17150720708330036
2011-11-07,0.16875479728640302
2011-11-08,0.16638816992725505
2011-11-09,0.1666534005664026
2011-11-10,0.1688327289691016
2011-11-11,0.16954570301449073
2011-11-14,0.16837133370427027
2011-11-15,0.16671982605154065
2011-11-16,0.1667291796260455
2011-11-17,0.16407668661110456
2011-11-18,0.16212598420325672
2011-11-21,0.16748640112357585
2011-11-22,0.1639179656341865
2011-11-23,0.16347947565534204
2011-11-24,0.12119840035746497
2011-11-25,0.12188637729774796
2011-11-28,0.12623618867730288
2011-11-29,0.10938183384428066
2011-11-30,0.13581646904869754
2011-12-01,0.13565248202106125
2011-12-02,0.13543149467852267
2011-12-05,0.1356696304762487
2011-12-06,0.1373210367467148
2011-12-07,0.13624546246048233
2011-12-08,0.1339762311513172
2011-12-09,0.13299844081447654
2011-12-12,0.13949918075370665
2011-12-13,0.13813407517752663
2011-12-14,0.14309142982282147
2011-12-15,0.1417434776757587
2011-12-16,0.14175635368902023
2011-12-19,0.12118126117160012
2011-12-20,0.12080607280003022
2011-12-21,0.1209068846938276
2011-12-22,0.12031190472298081
2011-12-23,0.12141795081640852
2011-12-26,0.11295361728402406
2011-12-27,0.1126262379495303
2011-12-28,0.07944464762992749
2011-12-29,0.08398486691423634
2011-12-30,0.08388391537661259
2012-01-04,0.08493813572237119
2012-01-05,0.08107197979642976
2012-01-10,0.08221862256060164
2012-01-11,0.08291729198607733
2012-01-12,0.08373168517319192
2012-01-13,0.07001259291990264
2012-01-16,0.08926640300564807
2012-01-17,0.07962344198605262
2012-01-18,0.07955124203286332
2012-01-19,0.08247928091259674
2012-01-20,0.08282591631515406
2012-01-23,0.08300173001029189
2012-01-24,0.08598477238327877
2012-01-25,0.08629800883522806
2012-01-26,0.08753785112803329
2012-01-27,0.08938835560832321
2012-01-30,0.08951482549508362
2012-01-31,0.09273041115263102
2012-02-01,0.09258955737389785
2012-02-02,0.09355149960671946
2012-02-03,0.0926250090632974
2012-02-06,0.0928994291042851
2012-02-07,0.09228885330504746
2012-02-08,0.09117333379651132
2012-02-09,0.08999754459536564
2012-02-10,0.09919715912040901
2012-02-13,0.07941060992639333
2012-02-14,0.07924292462452211
2012-02-15,0.07918132756777872
2012-02-16,0.0776049744536655
2012-02-17,0.07270471671461311
2012-02-20,0.07070962713621545
2012-02-21,0.06811085046241296
2012-02-22,0.07057745797854452
2012-02-23,0.06683134108729814
2012-02-24,0.0667757474590527
2012-02-27,0.07246023382870233
2012-02-28,0.06517703129433251
2012-02-29,0.05977923696139134
2012-03-01,0.05943637405455231
2012-03-02,0.05934983423956714
2012-03-03,0.05884881609023511
2012-03-05,0.05885634347294617
2012-03-06,0.07384513588177312
2012-03-07,0.07897171752525448
2012-03-12,0.07087719449476608
2012-03-13,0.0739494937425136
2012-03-14,0.07861968577855012
2012-03-15,0.08361433144074827
2012-03-16,0.08436256300699334
2012-03-19,0.08478019932752942
2012-03-20,0.08595693041691421
2012-03-21,0.08648745799584591
2012-03-22,0.08557728639118985
2012-03-23,0.08923959040292023
2012-03-26,0.09062386023696557
2012-03-27,0.08697187037062694
2012-03-28,0.0875144905370567
2012-03-29,0.08795910817931615
2012-03-30,0.08892267737292107
2012-04-02,0.08881449564666478
2012-04-03,0.09111918837307847
2012-04-04,0.0909468739840505
2012-04-05,0.0787697598242673
2012-04-06,0.07785196058114222
2012-04-09,0.0853042742606531
2012-04-10,0.08540067509159541
2012-04-11,0.08741656909165092
2012-04-12,0.0813841804891168
2012-04-13,0.08072396794625708
2012-04-17,0.08101398993360047
2012-04-18,0.07767576248357216
2012-04-19,0.07807069259957258
2012-04-20,0.07596391266437708
2012-04-23,0.07420647194586098
2012-04-24,0.07234763438755686
2012-04-25,0.0723575555481337
2012-04-26,0.07091014798332915
2012-04-27,0.07086916374063669
2012-04-28,0.07065174289151058
2012-05-03,0.07221905865430857
2012-05-04,0.0703963071896032
2012-05-07,0.07416390722066911
2012-05-08,0.06514546673555174
2012-05-10,0.06280134833757861
2012-05-11,0.05545124702651131
2012-05-14,0.07751007283637619
2012-05-15,0.06798928731632037
2012-05-16,0.06779995274118862
2012-05-17,0.07434684117632992
2012-05-18,0.07719501412282054
2012-05-21,0.0787455544448456
2012-05-22,0.07898477372208597
2012-05-23,0.07882834283952106
2012-05-24,0.08208328449521474
2012-05-25,0.09380599735148824
2012-05-28,0.09408938061921737
2012-05-29,0.10149432321368582
2012-05-30,0.10545524006299392
2012-05-31,0.1044391431136436
2012-06-01,0.10830006045878064
2012-06-05,0.10869355543122229
2012-06-06,0.1681840447629922
2012-06-07,0.1772200443414475
2012-06-08,0.18979570399511395
2012-06-11,0.19865693305983356
2012-06-12,0.19255872947846717
2012-06-13,0.19270557361388016
2012-06-14,0.1940722703010681
2012-06-15,0.19794888019383963
2012-06-18,0.19859325746595993
2012-06-19,0.20079912544902168
2012-06-20,0.2051589364573913
2012-06-21,0.20350721081285264
2012-06-22,0.20251651946387844
2012-06-25,0.1974138593111336
2012-06-26,0.20263939858520064
2012-06-27,0.19831448979245817
2012-07-02,0.20637087184032127
2012-07-03,0.219416314418236
2012-07-04,0.21844776946231811
2012-07-05,0.21846647898271077
2012-07-06,0.1668034987495553
2012-07-07,0.14766025652669182
2012-07-09,0.14118555718814413
2012-07-10,0.1355473766187011
2012-07-11,0.13640010934863184
2012-07-12,0.13638983082045567
2012-07-13,0.13228669613739202
2012-07-16,0.1264955497449866
2012-07-17,0.12027794726574206
2012-07-18,0.11280486617606861
2012-07-19,0.1103923474065971
2012-07-20,0.1104035436722872
2012-07-23,0.1241481861162603
2012-07-24,0.12108543637137713
2012-07-25,0.11622940907200358
2012-07-26,0.12051745392553952
2012-07-27,0.10940966330552206
2012-07-30,0.08419770904400038
2012-07-31,0.0825832941510003
2012-08-01,0.08305561537674921
2012-08-02,0.08377275439848265
2012-08-03,0.08033018438187443
2012-08-06,0.08194626997712579
2012-08-07,0.08196730107588227
2012-08-08,0.08306434984121952
2012-08-09,0.08294994505677145
2012-08-10,0.07916703666485457
2012-08-13,0.08010062988611476
2012-08-14,0.08020074066124099
2012-08-15,0.0788606337536558
2012-08-16,0.07895142912739331
2012-08-17,0.07869462794804766
2012-08-20,0.058244989459463194
2012-08-21,0.0580977689520654
2012-08-22,0.05863310425042605
2012-08-23,0.045231761960043325
2012-08-27,0.04526354823744176
2012-08-28,0.050434437070351786
2012-08-29,0.04947925030887815
2012-08-30,0.05102914878014434
2012-08-31,0.05387491103240921
2012-09-03,0.05395673932486857
2012-09-04,0.051317244507366896
2012-09-05,0.04950666694287976
2012-09-06,0.048585591883500416
2012-09-07,0.04823780440085896
2012-09-10,0.04934289858117309
2012-09-11,0.047227174262199516
2012-09-12,0.05039210655268772
2012-09-13,0.054620989296213195
2012-09-14,0.0880212382314466
2012-09-17,0.09001878558897924
2012-09-18,0.09278404625126481
2012-09-19,0.09247513202873553
2012-09-20,0.09283715972865736
2012-09-21,0.09423441013338134
2012-09-24,0.09423198611010666
2012-09-25,0.09159616681766679
2012-09-26,0.10159828572175192
2012-09-27,0.09989059150863788
2012-09-28,0.09771215517283056
2012-10-01,0.09840530828021822
2012-10-02,0.10001999700043503
2012-10-03,0.10023234598768235
2012-10-04,0.1010399952206011
2012-10-05,0.10154741382586245
2012-10-08,0.10118651724136549
2012-10-09,0.10106668729527131
2012-10-10,0.0996200027110272
2012-10-11,0.09834574543321639
2012-10-12,0.08161824095921114
2012-10-15,0.08653810895044096
2012-10-16,0.09010855063326628
2012-10-17,0.09118368659101517
2012-10-18,0.09652900688706498
2012-10-19,0.09477110524850559
2012-10-22,0.09565829534597547
2012-10-23,0.09555122358136399
2012-10-24,0.08983150316678455
2012-10-25,0.11021027625808824
2012-10-26,0.12384174410488619
2012-10-29,0.13174301956086998
2012-10-30,0.13069807199761774
2012-10-31,0.13271804464714776
2012-11-01,0.14109344952568809
2012-11-02,0.14104227787352935
2012-11-05,0.14109587989335393
2012-11-06,0.14202324385926626
2012-11-07,0.1425285560594738
2012-11-08,0.14296337639990392
2012-11-09,0.13196521595493352
2012-11-12,0.13018742965551006
2012-11-13,0.12911162870084814
2012-11-14,0.13860057891205083
2012-11-15,0.13376566772864631
2012-11-16,0.13246485915414793
2012-11-19,0.132268918710018
2012-11-20,0.13636794538728753
2012-11-21,0.13505006270442166
2012-11-22,0.11058363352187639
2012-11-23,0.10242552162636863
2012-11-26,0.09722238827522503
2012-11-27,0.09843920322147356
2012-11-28,0.09705160360299561
2012-11-29,0.07895746667893307
2012-11-30,0.07913543986734259
2012-12-03,0.07903723635968879
2012-12-04,0.09068083377501047
2012-12-05,0.09396673940613803
2012-12-06,0.11637407171987672
2012-12-07,0.1167618080072064
2012-12-10,0.11714414837667451
2012-12-11,0.11665739828157641
2012-12-12,0.11290968425987265
2012-12-13,0.1125996386483855
2012-12-14,0.11708314338574378
2012-12-17,0.11688875468999929
2012-12-18,0.1079847730278658
2012-12-19,0.10758629142929509
2012-12-20,0.10705381177004718
2012-12-21,0.10630082216767155
2012-12-24,0.10596901507488717
2012-12-25,0.10228994342998314
2012-12-26,0.10247548158257908
2012-12-27,0.10113011694549574
2012-12-28,0.10559866695246288
2013-01-03,0.1061508372426068
2013-01-04,0.10320582218731404
2013-01-08,0.10198345814272962
2013-01-09,0.07623289227012313
2013-01-10,0.0719487760940479
2013-01-11,0.07331059033407282
2013-01-14,0.05786603533370863
2013-01-15,0.06018589085588442
2013-01-16,0.07080299939557544
2013-01-17,0.06945050163903307
2013-01-18,0.06785738879841499
2013-01-21,0.06898344654445707
2013-01-22,0.06465405599779168
2013-01-23,0.07283555604593146
2013-01-24,0.07343677583758726
2013-01-25,0.07796938963680992
2013-01-28,0.09606492702723297
2013-01-29,0.10377249833987037
2013-01-30,0.10344334840207657
2013-01-31,0.09994192007026727
2013-02-01,0.1122302207853146
2013-02-04,0.11332571622966457
2013-02-05,0.11472989144822647
2013-02-06,0.117761103288367
2013-02-07,0.1172341442320183
2013-02-08,0.11729206033912767
2013-02-11,0.11617406998771813
2013-02-12,0.1167408302721459
2013-02-13,0.10619444743930172
2013-02-14,0.11195407789572784
2013-02-15,0.11312512212826813
2013-02-18,0.1212699525502159
2013-02-19,0.12324955653465484
2013-02-20,0.12399292743267434
2013-02-21,0.13137762442292517
2013-02-22,0.13065101920213804
2013-02-25,0.12211051890143564
2013-02-26,0.12463715493361016
2013-02-27,0.12826939405838264
2013-02-28,0.12812134536853262
2013-03-01,0.11750972642479943
2013-03-04,0.1152402829893668
2013-03-05,0.11174769853560533
2013-03-06,0.11084566693686496
2013-03-07,0.1108239858591589
2013-03-11,0.11030640827794738
2013-03-12,0.10972183588713456
2013-03-13,0.11811503473886512
2013-03-14,0.11835254475639945
2013-03-15,0.11612206566763349
2013-03-18,0.12758215387239671
2013-03-19,0.11080736263767708
2013-03-20,0.09898066743859604
2013-03-21,0.09920047456978368
2013-03-22,0.09796187602592164
2013-03-25,0.098998226704094
2013-03-26,0.09813971878837505
2013-03-27,0.09845521228687239
2013-03-28,0.09759054624734194
2013-03-29,0.09844494024929029
2013-04-01,0.09636318885746423
2013-04-02,0.10157713742603718
2013-04-03,0.10770862951209034
2013-04-04,0.12949095963239174
2013-04-05,0.12830910791655648
2013-04-08,0.1300675795226822
2013-04-09,0.13492551666150254
2013-04-10,0.1288311794711415
2013-04-11,0.12937374153256273
2013-04-12,0.12903512375993573
2013-04-15,0.11709733484605832
2013-04-16,0.11747108371306797
2013-04-17,0.11697846563694048
2013-04-18,0.11645253404462917
2013-04-19,0.12240076078395173
2013-04-22,0.11834033931171861
2013-04-23,0.11795198776323328
2013-04-24,0.11305884790714069
2013-04-25,0.11337586427048818
2013-04-26,0.11727962261903513
2013-04-29,0.10438880539726715
2013-04-30,0.09341229911944138
2013-05-07,0.09314032128988273
2013-05-08,0.08005791815661066
2013-05-13,0.08012810059231865
2013-05-14,0.08060986065634992
2013-05-15,0.07825946749431421
2013-05-16,0.07920906930160407
2013-05-17,0.07843845976964633
2013-05-20,0.0795969555532811
2013-05-21,0.07699881399944483
2013-05-22,0.07623941594911965
2013-05-23,0.07977978941212577
2013-05-24,0.07946094738195449
2013-05-27,0.07177940843754198
2013-05-28,0.07324745591902118
2013-05-29,0.07367947205510342
2013-05-30,0.07275921839345331
2013-05-31,0.07118697949175426
2013-06-03,0.06502703788534399
2013-06-04,0.06594652314559041
2013-06-05,0.05983861253806157
2013-06-06,0.05637644674666469
2013-06-07,0.05390394358296661
2013-06-10,0.05369148293706894
2013-06-11,0.05473923338007859
2013-06-12,0.05357502894371328
2013-06-13,0.051434889613026745
2013-06-14,0.05460957126957555
2013-06-17,0.05096086590817362
2013-06-18,0.050568538451807706
2013-06-19,0.04584515868790518
2013-06-20,0.04441868649911565
2013-06-21,0.04380811584336852
2013-06-25,0.043975887606811516
2013-06-26,0.039111748083236295
2013-06-27,0.04160067368248267
2013-07-01,0.042179875392855254
2013-07-02,0.04235463650831708
2013-07-03,0.04334926549149658
2013-07-04,0.043041601412540764
2013-07-05,0.041707390322552475
2013-07-08,0.0505859900769702
2013-07-09,0.05324243792495931
2013-07-10,0.05342493703450927
2013-07-11,0.05442056982420362
2013-07-12,0.05422010044204301
2013-07-15,0.05698023474817608
2013-07-16,0.05348752003037738
2013-07-17,0.056542064838071456
2013-07-18,0.058113966673345674
2013-07-19,0.05848872260501238
2013-07-22,0.05761510371124674
2013-07-23,0.05761510371124674
2013-07-24,0.05979828732797226
2013-07-25,0.05947112597749856
2013-07-26,0.06319031034975418
2013-07-29,0.06308675380002897
2013-07-30,0.06574148329995821
2013-07-31,0.06993948294985179
2013-08-01,0.07065719553333606
2013-08-02,0.07129543351251408
2013-08-05,0.06658500512900008
2013-08-06,0.06485100652022834
2013-08-07,0.06457428517783215
2013-08-08,0.06354141972281022
2013-08-09,0.06380654119089343
2013-08-12,0.06063868218931036
2013-08-13,0.06045108641887494
2013-08-14,0.05838288091259885
2013-08-15,0.05917488592716777
2013-08-16,0.05902839837091406
2013-08-19,0.05839693684582205
2013-08-20,0.05890943595756782
2013-08-21,0.05718634234782832
2013-08-22,0.056829687686842066
2013-08-23,0.05085471232097047
2013-08-27,0.052558248338035435
2013-08-28,0.04693114489663683
2013-08-29,0.043938261674981854
2013-08-30,0.04133533824844392
2013-09-02,0.04040171983038128
2013-09-03,0.037296247960380495
2013-09-04,0.03543101858401622
2013-09-05,0.037873581010513926
2013-09-06,0.038627573400874866
2013-09-09,0.03533664235386223
2013-09-10,0.038859903538191916
2013-09-11,0.03884963011832622
2013-09-12,0.03875347094098722
2013-09-13,0.038223578438150205
2013-09-16,0.042057084457592826
2013-09-17,0.04217068893143147
2013-09-18,0.04718662135268991
2013-09-19,0.046301969765696484
2013-09-20,0.0460589717603931
2013-09-23,0.04640776406282076
2013-09-24,0.045121822976990335
2013-09-25,0.0449064554284479
2013-09-26,0.04512945477239359
2013-09-27,0.04769471604870542
2013-09-30,0.05462052241946298
2013-10-01,0.05460073319780779
2013-10-02,0.05457990536644336
2013-10-03,0.056202871216341356
2013-10-04,0.05710490873821032
2013-10-07,0.05710456864240268
2013-10-08,0.058255624443386285
2013-10-09,0.05826422732681615
2013-10-14,0.05803217705276635
2013-10-15,0.07488286511702982
2013-10-16,0.07178693579430488
2013-10-17,0.07184906664245913
2013-10-18,0.07021391802456162
2013-10-21,0.07393932271089665
2013-10-22,0.07323204167732907
2013-10-23,0.08645426413228238
2013-10-24,0.08925670947016562
2013-10-25,0.09538201945175451
2013-10-28,0.09530535007907884
2013-10-29,0.09602610764557251
2013-10-30,0.09644747224153528
2013-10-31,0.09623036718240398
2013-11-01,0.09913089923763686
2013-11-04,0.09595835538269949
2013-11-05,0.09590849893144983
2013-11-06,0.09570709874528806
2013-11-07,0.09073893635642631
2013-11-08,0.09424148851156765
2013-11-11,0.09362952973385116
2013-11-12,0.08456334688132014
2013-11-13,0.08684955271574579
2013-11-14,0.08809250121769173
2013-11-15,0.08853831547697232
2013-11-18,0.08830707478433301
2013-11-19,0.08796534674846598
2013-11-20,0.07981916048089693
2013-11-21,0.0785318308210426
2013-11-22,0.07422923235911844
2013-11-25,0.07910818906920578
2013-11-26,0.07917382977578497
2013-11-27,0.07988834031172651
2013-11-28,0.083236574244592
2013-11-29,0.08324437203584056
2013-12-02,0.08672785369385468
2013-12-03,0.0964677107592409
2013-12-04,0.09642844070645214
2013-12-05,0.09700085418368962
2013-12-06,0.0940069333183394
2013-12-09,0.09446294181125771
2013-12-10,0.09463100274403452
2013-12-11,0.09193072761016548
2013-12-12,0.08891119984101854
2013-12-13,0.08723824014407364
2013-12-16,0.07490647339008467
2013-12-17,0.07373981163234884
2013-12-18,0.07411630079095279
2013-12-19,0.07664221827537424
2013-12-20,0.07782633546550587
2013-12-23,0.06749096984042594
2013-12-24,0.06097890958714358
2013-12-25,0.0614755471118795
2013-12-26,0.06105928827438002
2013-12-27,0.06029219476283222
2013-12-30,0.05824935591937809
2014-01-08,0.05172156906961549
2014-01-09,0.06491510361673522
2014-01-10,0.07181885077926695
2014-01-13,0.08365791695970383
2014-01-14,0.08504705304146952
2014-01-15,0.08787043994817349
2014-01-16,0.09097002132768098
2014-01-17,0.09087895958959089
2014-01-20,0.10038701143487408
2014-01-21,0.1021512135892576
2014-01-22,0.10231823252530069
2014-01-23,0.10664017346702602
2014-01-24,0.10670708655285126
2014-01-27,0.11012956393095674
2014-01-28,0.11225057574071
2014-01-29,0.11736869287733512
2014-01-30,0.11866375059929793
2014-01-31,0.11973206767265691
2014-02-03,0.11990117405721455
2014-02-04,0.11990907177356883
2014-02-05,0.11776246437763396
2014-02-06,0.10972889518439768
2014-02-07,0.10533273076353022
2014-02-10,0.09707238922069587
2014-02-11,0.09575226993425716
2014-02-12,0.09342817143273821
2014-02-13,0.09132642085347638
2014-02-14,0.09130815585151134
2014-02-17,0.07843427786182779
2014-02-18,0.08800686582077241
2014-02-19,0.10381374260829014
2014-02-20,0.10212777420940651
2014-02-21,0.12018066705313821
2014-02-24,0.21724446974264439
2014-02-25,0.22095153505169174
2014-02-26,0.2214974896296157
2014-02-27,0.21911668157225506
2014-02-28,0.21911234082728603
2014-03-03,0.26364630258007404
2014-03-04,0.2882463300581621
2014-03-05,0.2883790825531096
2014-03-06,0.2891051453889423
2014-03-07,0.2880294626200165
2014-03-11,0.2935539799188353
2014-03-12,0.2962062077279652
2014-03-13,0.298039051207682
2014-03-14,0.29896012653793635
2014-03-17,0.30076592539524644
2014-03-18,0.30093900136450186
2014-03-19,0.29699196769399056
2014-03-20,0.2879780560314139
2014-03-21,0.28778889399733165
2014-03-24,0.2829556731775514
2014-03-25,0.21940485249847802
2014-03-26,0.2145783120162724
2014-03-27,0.21140465086898755
2014-03-28,0.21162852206028418
2014-03-31,0.22462959768246823
2014-04-01,0.1907611473399896
2014-04-02,0.14939774254201182
2014-04-03,0.15520029267423077
2014-04-04,0.15642396401142647
2014-04-07,0.15752919782014146
2014-04-08,0.1508027071508751
2014-04-09,0.1468488448153409
2014-04-10,0.14406532621321763
2014-04-11,0.1426209629870947
2014-04-14,0.14093034121142398
2014-04-15,0.13880528564512246
2014-04-16,0.13684318633561363
2014-04-17,0.13684308117102248
2014-04-18,0.14146032504117512
2014-04-22,0.14264265480907726
2014-04-23,0.14013477442870728
2014-04-24,0.14305646716564954
2014-04-25,0.143061118465724
2014-04-28,0.1389602287590003
2014-04-29,0.11975636064550066
2014-04-30,0.08806426118709536
2014-05-05,0.09406661554038687
2014-05-06,0.0862116215954954
2014-05-07,0.11074522030290823
2014-05-08,0.1099208277904873
2014-05-12,0.11301197229832122
2014-05-13,0.17919140524887708
2014-05-14,0.178133794587068
2014-05-15,0.17807906532640527
2014-05-16,0.17790215764387754
2014-05-19,0.18129013029521057
2014-05-20,0.18179199731140147
2014-05-21,0.18226918490055763
2014-05-22,0.17536366642363518
2014-05-23,0.17942459182096615
2014-05-26,0.18383430862471117
2014-05-27,0.1835774685969164
2014-05-28,0.18332750137586026
2014-05-29,0.1832874220343212
2014-05-30,0.18314191240709402
2014-06-02,0.1830159568234236
2014-06-03,0.1796313113475771
2014-06-04,0.17868949760686453
2014-06-05,0.15954587594111105
2014-06-06,0.16023383117242473
2014-06-10,0.15883874594450748
2014-06-11,0.08053564599550403
2014-06-12,0.08063105128229747
2014-06-13,0.08097465509258821
2014-06-16,0.08290910708420475
2014-06-17,0.07720840373045745
2014-06-18,0.0775972186015186
2014-06-19,0.07564195956229654
2014-06-20,0.07466739985527679
2014-06-23,0.05957776400321958
2014-06-24,0.04415399406683971
2014-06-25,0.04103424309095537
2014-06-26,0.04137679422336394
2014-06-27,0.04134495961571494
2014-07-01,0.04209679844824826
2014-07-02,0.04265565916050429
2014-07-03,0.042828912034902494
2014-07-04,0.04895079510237838
2014-07-07,0.05478451971276264
2014-07-08,0.0536561904681672
2014-07-09,0.057305918143336125
2014-07-10,0.05546137021050794
2014-07-11,0.05553483094415599
2014-07-14,0.055382700628122165
2014-07-15,0.053214203395870914
2014-07-16,0.051081308239287686
2014-07-17,0.05787433007847355
2014-07-18,0.0581724218085138
2014-07-21,0.06127387111839628
2014-07-22,0.06123758811034521
2014-07-23,0.062603616933701
2014-07-24,0.06446413612348305
2014-07-25,0.06424979884125642
2014-07-28,0.06537645034120237
2014-07-29,0.06582476940471574
2014-07-30,0.06620451834228318
2014-07-31,0.06545966297851948
2014-08-01,0.059989785767516325
2014-08-04,0.0552302284195781
2014-08-05,0.056964623167872507
2014-08-06,0.05392161459824841
2014-08-07,0.05515102221490492
2014-08-08,0.05510876920974123
2014-08-11,0.055269050454847396
2014-08-12,0.055153354585291366
2014-08-13,0.05895630300321913
2014-08-14,0.05089935890919096
2014-08-15,0.051091710406488175
2014-08-18,0.0486017957603571
2014-08-19,0.04861349142768282
2014-08-20,0.044958849787712564
2014-08-21,0.04145278041412525
2014-08-22,0.04206868404544871
2014-08-26,0.04068609895264273
2014-08-27,0.03970307534178767
2014-08-28,0.08134483815251314
2014-08-29,0.08161252647961774
2014-09-01,0.08257016910666991
2014-09-02,0.08256557868416434
2014-09-03,0.08920758002299128
2014-09-04,0.09292820028252306
2014-09-05,0.09287859848970972
2014-09-08,0.0933669580142037
2014-09-09,0.09412658217824782
2014-09-10,0.09542178452645993
2014-09-11,0.09312142763052088
2014-09-12,0.09316808750870159
2014-09-15,0.10185292218305413
2014-09-16,0.10731953909362904
2014-09-17,0.1077498736066823
2014-09-18,0.10877559804936723
2014-09-19,0.11207946896055523
2014-09-22,0.11220470335461667
2014-09-23,0.11200496212107898
2014-09-24,0.11196568613245
2014-09-25,0.0827662738933081
2014-09-26,0.08279141716118231
2014-09-29,0.0822042522134419
2014-09-30,0.08192926416293901
2014-10-01,0.07641895249613284
2014-10-02,0.0724871554405164
2014-10-03,0.07261437077441453
2014-10-06,0.07197203810861791
2014-10-07,0.07202291952721195
2014-10-08,0.07058025664740662
2014-10-09,0.07050593008288097
2014-10-10,0.06948924159864112
2014-10-13,0.055925201992845945
2014-10-14,0.05727542450139921
2014-10-15,0.05638347460823908
2014-10-16,0.05256949570956371
2014-10-17,0.050378077088731904
2014-10-20,0.04982053047725954
2014-10-21,0.04984487369298817
2014-10-22,0.04986656586323113
2014-10-23,0.048994500096743096
2014-10-24,0.048934244016539764
2014-10-27,0.051558380585587274
2014-10-28,0.05776386941324921
2014-10-29,0.06417674984067649
2014-10-30,0.06408998088684922
2014-10-31,0.06264788687191707
2014-11-03,0.06270327873480336
2014-11-04,0.06168254217315197
2014-11-05,0.06212510716555791
2014-11-06,0.06295005284963502
2014-11-07,0.0630353123042037
2014-11-10,0.06470784528142727
2014-11-11,0.10298720363728205
2014-11-12,0.10415750934841157
2014-11-13,0.10589689751085504
2014-11-14,0.11680228760694937
2014-11-17,0.12443505689727273
2014-11-18,0.12487162951337326
2014-11-19,0.12751742340498767
2014-11-20,0.12759088039515326
2014-11-21,0.12729003924143117
2014-11-24,0.12584304432892054
2014-11-25,0.12068255448106932
2014-11-26,0.11911071564738074
2014-11-27,0.1198446767727111
2014-11-28,0.11955953841081017
2014-12-01,0.12171291673951304
2014-12-02,0.12331768639825418
2014-12-03,0.12223527870513358
2014-12-04,0.12230132029124177
2014-12-05,0.12218642677927107
2014-12-08,0.1218574860054552
2014-12-09,0.08616986417570811
2014-12-10,0.09139376938124859
2014-12-11,0.09114248579457652
2014-12-12,0.08357348854682196
2014-12-15,0.07409427319027388
2014-12-16,0.0738626593833901
2014-12-17,0.08536717188729478
2014-12-18,0.08509545731137341
2014-12-19,0.087706093369475
2014-12-22,0.08728875910344334
2014-12-23,0.08712173722300931
2014-12-24,0.08746966340532315
2014-12-25,0.08707755946765276
2014-12-26,0.08689895395595623
2014-12-29,0.08516162651189764
2014-12-30,0.08474889570177212
2015-01-06,0.08476951347505711
2015-01-12,0.08421568132135883
2015-01-13,0.08382776633560501
2015-01-14,0.08427093515252061
2015-01-15,0.08459448818595058
2015-01-16,0.07531838393584983
2015-01-19,0.07394690087867933
2015-01-20,0.06674171429704322
2015-01-21,0.06421997560634728
2015-01-22,0.06471344844974984
2015-01-23,0.0445141593517228
2015-01-26,0.04621849255669283
2015-01-27,0.03960064624378218
2015-01-28,0.04562575570850302
2015-01-29,0.052099046646182604
2015-01-30,0.05329129076545521
2015-02-02,0.0560990998447792
2015-02-03,0.05601758381428166
2015-02-04,0.05605480582854459
2015-02-05,0.06376030028676041
2015-02-06,0.08244088334559145
2015-02-09,0.08332006239376182
2015-02-10,0.08332752229687472
2015-02-11,0.08335280607952683
2015-02-12,0.10104003960849943
2015-02-13,0.1016219939798974
2015-02-16,0.09927445363534665
2015-02-17,0.11156298215962517
2015-02-18,0.11446448940454233
2015-02-19,0.118387977234902
2015-02-20,0.11729988206991233
2015-02-23,0.11717655234884418
2015-02-24,0.1170310174564458
2015-02-25,0.11299442204573777
2015-02-26,0.10962517689213863
2015-02-27,0.10996374956860405
2015-03-02,0.11072258812028585
2015-03-03,0.11305054845383411
2015-03-04,0.11480769013308252
2015-03-05,0.11205951677447565
2015-03-06,0.10332634813707701
2015-03-10,0.10396748126341379
2015-03-11,0.10322743875650323
2015-03-12,0.10551763928964217
2015-03-13,0.0925886597775616
2015-03-16,0.09835528553001657
2015-03-17,0.09837942890679748
2015-03-18,0.08614714633089134
2015-03-19,0.08870979189768337
2015-03-20,0.08474733922807502
2015-03-23,0.08444734099660671
2015-03-24,0.08435800432149355
2015-03-25,0.08810877047696478
2015-03-26,0.10744186800728868
2015-03-27,0.10470022236476445
2015-03-30,0.10225699767257639
2015-03-31,0.111378770277223
2015-04-01,0.11085458316099746
2015-04-02,0.11050363316156286
2015-04-03,0.10941395102307515
2015-04-06,0.10810537216317517
2015-04-07,0.11085366602581202
2015-04-08,0.11015264094085712
2015-04-09,0.10932494173601107
2015-04-10,0.1069843756390258
2015-04-14,0.09851882754448363
2015-04-15,0.10406823187135215
2015-04-16,0.10492866312787519
2015-04-17,0.10048752061739087
2015-04-20,0.1001331158541948
2015-04-21,0.10156265485889823
2015-04-22,0.10132472723411033
2015-04-23,0.09820611232151735
2015-04-24,0.07340141906449553
2015-04-27,0.07067787808068038
2015-04-28,0.0712467785589347
2015-04-29,0.06235725089944665
2015-04-30,0.0641290416429576
2015-05-05,0.06388780227863017
2015-05-06,0.06383687551003434
2015-05-07,0.06440768471784135
2015-05-08,0.06091635991984045
2015-05-12,0.06315092691671637
2015-05-13,0.06375150578077371
2015-05-14,0.06526763701683992
2015-05-15,0.06385884295170274
2015-05-18,0.05863364559151512
2015-05-19,0.06067634198498953
2015-05-20,0.060440754370638554
2015-05-21,0.060061820864208214
2015-05-22,0.05697070293491828
2015-05-25,0.059014684788876455
2015-05-26,0.059772826193326925
2015-05-27,0.059775668687091735
2015-05-28,0.05885413893901559
2015-05-29,0.05780368576379292
2015-06-02,0.045676921763741815
2015-06-03,0.04580441018870792
2015-06-04,0.05406447516498664
2015-06-05,0.054233699898559605
2015-06-08,0.06336635079922216
2015-06-09,0.0637045979705319
2015-06-10,0.06275618087004747
2015-06-11,0.061918746224082596
2015-06-12,0.06132970301253208
2015-06-15,0.06825053400831388
2015-06-16,0.06722612668971692
2015-06-17,0.06688225064068315
2015-06-18,0.06791972187579635
2015-06-19,0.06836942441611257
2015-06-22,0.06951637153174656
2015-06-23,0.0684709279714471
2015-06-24,0.069605325967531
2015-06-25,0.07017590321467405
2015-06-26,0.06946323028101328
2015-06-30,0.0702688600121726
2015-07-01,0.0715159467529344
2015-07-02,0.07158960759794765
2015-07-03,0.06094950001586199
2015-07-06,0.06095848949713866
2015-07-07,0.05449574887582231
2015-07-08,0.056990342436066696
2015-07-09,0.06057094537665195
2015-07-10,0.059820530564314925
2015-07-14,0.059453843170871885
2015-07-15,0.051037342706999805
2015-07-16,0.05124144718195
2015-07-17,0.04828281995342789
2015-07-20,0.0485377639294628
2015-07-21,0.04823751290027552
2015-07-22,0.04955975762484483
2015-07-23,0.04942889901430989
2015-07-24,0.04592345891563821
2015-07-27,0.04758553174562581
2015-07-28,0.04618640958440487
2015-07-29,0.04404744238641014
2015-07-30,0.04205757108886512
2015-07-31,0.04209788044754529
2015-08-03,0.04285655503567595
2015-08-04,0.046723365858653096
2015-08-05,0.0466623323000375
2015-08-06,0.04651950893447123
2015-08-07,0.04290505134380352
2015-08-10,0.046306273623729376
2015-08-11,0.056038948996204194
2015-08-12,0.055441404262381234
2015-08-13,0.05480971803033043
2015-08-14,0.05987952346935975
2015-08-17,0.060999418726600155
2015-08-18,0.06366359147725996
2015-08-19,0.06335344333833727
2015-08-20,0.0646890283182873
2015-08-21,0.06467077839176147
2015-08-25,0.06441453594823134
2015-08-26,0.06560915240335671
2015-08-27,0.06561126186325494
2015-08-28,0.06667353856037808
2015-08-31,0.06722271216594593
2015-09-01,0.06934136944860834
2015-09-02,0.0682573587398836
2015-09-03,0.06838119865762032
2015-09-04,0.06537316274481253
2015-09-07,0.0650098089545046
2015-09-08,0.06851547260071904
2015-09-09,0.061337857299260876
2015-09-10,0.06150195807842092
2015-09-11,0.0617411066698381
2015-09-14,0.05483618639269666
2015-09-15,0.05658846739669218
2015-09-16,0.05160212813329738
2015-09-17,0.05049082099245966
2015-09-18,0.05104430578049251
2015-09-21,0.05159316211231724
2015-09-22,0.07340408095980999
2015-09-23,0.07296550254932457
2015-09-24,0.07097394623539666
2015-09-25,0.07325396318481749
2015-09-28,0.08625347025761856
2015-09-29,0.08964436177715476
2015-09-30,0.09072024088263878
2015-10-01,0.08932086439271855
2015-10-02,0.08910600628554997
2015-10-05,0.08704360409855609
2015-10-06,0.09532040782410725
2015-10-07,0.09621073010273419
2015-10-08,0.10219556268616681
2015-10-09,0.10769905021171855
2015-10-12,0.11496427449783905
2015-10-13,0.1257028618382536
2015-10-15,0.12909521435074586
2015-10-16,0.13208579436805304
2015-10-19,0.13388054743888025
2015-10-20,0.13405888287953466
2015-10-21,0.12285601974100975
2015-10-22,0.12374756529781285
2015-10-23,0.12267196308710245
2015-10-26,0.12230379247012281
2015-10-27,0.1254415507351179
2015-10-28,0.13296873258251715
2015-10-29,0.13616381117894238
2015-10-30,0.13709871622491498
2015-11-02,0.1381918842626916
2015-11-03,0.13856264620412584
2015-11-05,0.13542559401777976
2015-11-06,0.1359172592085749
2015-11-09,0.14609287262355264
2015-11-10,0.1475904502901779
2015-11-11,0.14368910544915778
2015-11-12,0.13376617740226385
2015-11-13,0.13132086607978696
2015-11-16,0.12894002953795905
2015-11-17,0.1280949907668498
2015-11-18,0.1370638440628084
2015-11-19,0.1391274557611143
2015-11-20,0.13803560379736282
2015-11-23,0.13847761258898356
2015-11-24,0.14259731875851978
2015-11-25,0.1368620692633084
2015-11-26,0.13246999670801135
2015-11-27,0.13696258156434984
2015-11-30,0.13607966000556326
2015-12-01,0.13574999069224009
2015-12-02,0.13620178077527717
2015-12-03,0.12859505607670912
2015-12-04,0.13455438305054568
2015-12-07,0.11956679804168453
2015-12-08,0.1209830407914468
2015-12-09,0.12262924315108122
2015-12-10,0.12282160039245536
2015-12-11,0.12822633370854658
2015-12-14,0.12945873012343367
2015-12-15,0.1295499544985265
2015-12-16,0.12017476051066986
2015-12-17,0.11766741197657962
2015-12-18,0.12239435664383999
2015-12-21,0.12540978054228702
2015-12-22,0.12495502701602552
2015-12-24,0.11752229886246685
2015-12-25,0.11349556831758996
2015-12-28,0.09910971887675915
2015-12-29,0.10066365969838795
2015-12-30,0.10196794530516794
2016-01-05,0.103063992588501
2016-01-06,0.10219142886169716
2016-01-11,0.09723614979294422
2016-01-12,0.09854512457182409
2016-01-13,0.09481588985833761
2016-01-14,0.0927327246928619
2016-01-15,0.0921333502040379
2016-01-18,0.08556729128840788
2016-01-19,0.07984692700426971
2016-01-20,0.080751701641511
2016-01-21,0.09353979808458027
2016-01-22,0.10941579776970545
2016-01-25,0.1048917079893948
2016-01-26,0.1010500242882029
2016-01-27,0.09714755305506041
2016-01-28,0.09587740064370034
2016-01-29,0.09563455291998516
2016-02-01,0.09682182922790215
2016-02-02,0.097086374206855
2016-02-03,0.09583770348249106
2016-02-04,0.09362105312236622
2016-02-05,0.09327157615847687
2016-02-08,0.09348417983686791
2016-02-09,0.09279738951334651
2016-02-10,0.09317834274677414
2016-02-12,0.09313633902713163
2016-02-15,0.09309591737357313
2016-02-16,0.09995616217094377
2016-02-17,0.10205800777427056
2016-02-18,0.10241677611156311
2016-02-19,0.08570269763752808
2016-02-22,0.06461404732755102
2016-02-23,0.06490821037358577
2016-02-24,0.06476496723205927
2016-02-25,0.06283983217954177
2016-02-26,0.05855689560226993
2016-02-29,0.05834257025596551
2016-03-01,0.05603165403779547
2016-03-02,0.05454670540300216
2016-03-03,0.05718646620751167
2016-03-04,0.05783413817641419
2016-03-09,0.0578935981948275
2016-03-10,0.06572118114317224
2016-03-11,0.06588594040235264
2016-03-14,0.06482088014829428
2016-03-15,0.06507721154096202
2016-03-16,0.0650777014385274
2016-03-17,0.0516108909375309
2016-03-18,0.04854402983831015
2016-03-21,0.050313474649274555
2016-03-22,0.058394965350842015
2016-03-23,0.05847861457470325
2016-03-24,0.06786054918585575
2016-03-25,0.07045569599268361
2016-03-28,0.09004768245483236
2016-03-29,0.09004768245483234
2016-03-30,0.08988546166106533
2016-03-31,0.09316485494150445
2016-04-01,0.09398771539660151
2016-04-04,0.09377686068381255
2016-04-05,0.09515135696005643
2016-04-06,0.09533541120236323
2016-04-07,0.09022438421044411
2016-04-08,0.09024793970195472
2016-04-11,0.09344835640753976
2016-04-12,0.09370466591460744
2016-04-13,0.0967261032785138
2016-04-14,0.1040718939510011
2016-04-15,0.10558970926622929
2016-04-18,0.10281509050683242
2016-04-19,0.1005339872495089
2016-04-20,0.10284269602693868
2016-04-21,0.09404956382248383
2016-04-22,0.09588679562890756
2016-04-25,0.06855845705422536
2016-04-26,0.06842558600046048
2016-04-27,0.0727269281395604
2016-04-28,0.0750613829232143
2016-04-29,0.07505872170557355
2016-05-04,0.0770248912303261
2016-05-05,0.07711987039785391
2016-05-06,0.07740050778810968
2016-05-10,0.08383795613119326
2016-05-11,0.08413834477001418
2016-05-12,0.08363583327266932
2016-05-13,0.08738379584275242
2016-05-16,0.0866704472216355
2016-05-17,0.08330186866761448
2016-05-18,0.08278875169770687
2016-05-19,0.08344593492210585
2016-05-20,0.07726565227890496
2016-05-23,0.0911157215226917
2016-05-24,0.09170696407793037
2016-05-25,0.08892157150274022
2016-05-26,0.08755992017864883
2016-05-27,0.08647305934999432
2016-05-30,0.07530587769217048
2016-05-31,0.07874737060721715
2016-06-01,0.07664005622179174
2016-06-02,0.07920985400787417
2016-06-03,0.08237967812109825
2016-06-06,0.08601396363808608
2016-06-07,0.08168913799994901
2016-06-08,0.08123358307718284
2016-06-09,0.08119946724359066
2016-06-10,0.07547691047509712
2016-06-13,0.07556620760696699
2016-06-14,0.07493299305327292
2016-06-15,0.0757297970893156
2016-06-16,0.0744061518639123
2016-06-17,0.09631873565999957
2016-06-21,0.08558241004045819
2016-06-22,0.08533560330031288
2016-06-23,0.08517984962802637
2016-06-24,0.08890920865065068
2016-06-29,0.08838349384969764
2016-06-30,0.08702489762998565
2016-07-01,0.0912369162989372
2016-07-04,0.13514400893779452
2016-07-05,0.13522409899449386
2016-07-06,0.151776718960076
2016-07-07,0.1511535765529414
2016-07-08,0.1525770951428653
2016-07-11,0.15370127258967248
2016-07-12,0.1542557080216819
2016-07-13,0.15486402255274886
2016-07-14,0.15648926714790382
2016-07-15,0.15646783247388713
2016-07-18,0.15567257164243586
2016-07-19,0.15482907987493
2016-07-20,0.1464640965879618
2016-07-21,0.14490613533203325
2016-07-22,0.1448127656903231
2016-07-25,0.14490984773628937
2016-07-26,0.14328151972510814
2016-07-27,0.14379146463884898
2016-07-28,0.14417173138802977
2016-07-29,0.14022063965419834
2016-08-02,0.08526495781384995
2016-08-03,0.08489516731070454
2016-08-04,0.06813762986870059
2016-08-05,0.067130127008398
2016-08-08,0.06638221831478061
2016-08-09,0.0538587609599206
2016-08-10,0.059885826294054596
2016-08-11,0.059732607941469174
2016-08-12,0.060081038980612456
2016-08-15,0.058918146292951355
2016-08-16,0.05882547145121294
2016-08-17,0.05920939923683497
2016-08-18,0.06207519891557836
2016-08-19,0.06251954052515625
2016-08-22,0.06291878430371431
2016-08-23,0.06056989767054351
2016-08-25,0.06086084081036331
2016-08-26,0.0608381353883969
2016-08-29,0.05675466726143134
2016-08-30,0.0533943218452891
2016-08-31,0.0539895114334555
2016-09-01,0.05377441098069447
2016-09-02,0.04922145366108051
2016-09-05,0.05026144964192337
2016-09-06,0.07668187515770843
2016-09-07,0.07846515289360347
2016-09-08,0.07579553710783246
2016-09-09,0.08371875091696929
2016-09-12,0.08214018118375364
2016-09-13,0.09332664539074105
2016-09-14,0.09373567548215848
2016-09-15,0.09408840692780993
2016-09-16,0.09384709587722591
2016-09-19,0.09357345350237858
2016-09-20,0.09411311939418411
2016-09-22,0.09416052025246986
2016-09-23,0.09851936554662145
2016-09-26,0.09913609434298215
2016-09-27,0.09873111905766543
2016-09-28,0.09862728429044619
2016-09-29,0.09913246367009389
2016-09-30,0.1021558018297246
2016-10-04,0.10493696773588353
2016-10-05,0.10584471351438862
2016-10-06,0.08991260752807488
2016-10-07,0.08876915701114468
2016-10-10,0.09189484001294451
2016-10-11,0.08502089308508148
2016-10-12,0.08634889725365316
2016-10-13,0.07274291860595015
2016-10-17,0.07256684319044561
2016-10-18,0.07144028787303157
2016-10-19,0.07138018615694973
2016-10-20,0.07374753134545521
2016-10-21,0.07267323037198782
2016-10-24,0.07567039502156257
2016-10-25,0.07232526896532365
2016-10-26,0.07177892338988197
2016-10-27,0.07195984939527264
2016-10-28,0.07439799924187013
2016-10-31,0.0769000748085949
2016-11-01,0.07324473993008393
2016-11-02,0.06790246925239984
2016-11-03,0.0668852419199894
2016-11-04,0.06624432745045628
2016-11-07,0.06501697867868694
2016-11-08,0.05736157268599438
2016-11-09,0.056835329072099004
2016-11-10,0.05633391572292105
2016-11-11,0.05890851940199782
2016-11-14,0.06908401692665003
2016-11-15,0.07810755689463665
2016-11-16,0.08584383600325028
2016-11-17,0.08893360876209347
2016-11-18,0.08939102805119856
2016-11-21,0.08702563678729228
2016-11-23,0.08327617101491819
2016-11-24,0.08408107613119634
2016-11-25,0.08399409655359194
2016-11-28,0.08126716183272409
2016-11-29,0.07568750687438647
2016-11-30,0.08001294549272712
2016-12-01,0.08024273929572731
2016-12-02,0.08248775091179489
2016-12-05,0.08256669241911271
2016-12-06,0.0846928150247692
2016-12-07,0.08316842392763316
2016-12-08,0.0831728415714137
2016-12-09,0.08239513567809179
2016-12-12,0.082856609092095
2016-12-13,0.07680847389115471
2016-12-14,0.06828151604991516
2016-12-15,0.05841085272768977
2016-12-16,0.06093674877225491
2016-12-19,0.062470554556826215
2016-12-20,0.06244435158468185
2016-12-21,0.06609256493082091
2016-12-22,0.06524314072394144
2016-12-23,0.06546452841929791
2016-12-26,0.0660440559091291
2016-12-27,0.06633947916803135
2016-12-28,0.06435647024767527
2016-12-29,0.06432454822672942
2017-01-04,0.06145597967613397
2017-01-05,0.06141168486419663
2017-01-06,0.05824952414610081
2017-01-10,0.058113316681493464
2017-01-11,0.05867859755579657
2017-01-12,0.06133241384938349
2017-01-13,0.058138970210008876
2017-01-16,0.0577469245097358
2017-01-17,0.06252751466410976
2017-01-18,0.061684902633321124
2017-01-19,0.04697384605506882
2017-01-20,0.0469121607610547
2017-01-23,0.049255207801335375
2017-01-24,0.047839191506784465
2017-01-25,0.04776618538322544
2017-01-26,0.04826842839140418
2017-01-27,0.04945404695973234
2017-01-30,0.04827256854105504
2017-01-31,0.045942574242861696
2017-02-01,0.048422974879536056
2017-02-02,0.049485642924549954
2017-02-03,0.04905764700518721
2017-02-06,0.0491777487744912
2017-02-07,0.0532000733604345
2017-02-08,0.05388095699861441
2017-02-09,0.09754903184642337
2017-02-10,0.09826685357501029
2017-02-13,0.11199525837129137
2017-02-14,0.11085881265803223
2017-02-15,0.11021918420032224
2017-02-16,0.11485221708706649
2017-02-17,0.11468053068362513
2017-02-20,0.1141269515406587
2017-02-21,0.11467587357233167
2017-02-22,0.11556572491650494
2017-02-23,0.11652573375797569
2017-02-24,0.1167278376075756
2017-02-27,0.11682464324774597
2017-02-28,0.11724563705299375
2017-03-01,0.11578982339919164
2017-03-02,0.11796305280227361
2017-03-03,0.11758496930628874
2017-03-06,0.117694839007349
2017-03-07,0.1168914417986177
2017-03-09,0.11731682534066251
2017-03-10,0.07992035955295813
2017-03-13,0.08004531849137479
2017-03-14,0.055020643948382846
2017-03-15,0.055164937672281915
2017-03-16,0.054737136558078756
2017-03-17,0.04858070449181585
2017-03-20,0.048138127653425414
2017-03-21,0.04802336714823964
2017-03-22,0.04740188866993691
2017-03-23,0.1140824581071651
2017-03-24,0.13484086816548757
2017-03-27,0.13460290508758543
2017-03-28,0.14729119821567618
2017-03-29,0.1463036905035891
2017-03-30,0.15230881972004845
2017-03-31,0.14913876687406816
2017-04-03,0.1505009476354263
2017-04-04,0.15113866763699432
2017-04-05,0.153120562894815
2017-04-06,0.15069830165571854
2017-04-07,0.15105211346942454
2017-04-10,0.147526100768201
2017-04-11,0.1557152347793345
2017-04-12,0.16002931892905348
2017-04-13,0.15966530587559724
2017-04-14,0.1595420097031057
2017-04-18,0.15907023864270103
2017-04-19,0.1572583612624649
2017-04-20,0.15702218346712618
2017-04-21,0.1323203248343918
2017-04-24,0.11538088778637107
2017-04-25,0.11489291394730483
2017-04-26,0.10711557361359955
2017-04-27,0.10710493117285406
2017-04-28,0.09286277202373988
2017-05-03,0.08431003469983742
2017-05-04,0.06625684180854147
2017-05-05,0.06617522968388313
2017-05-10,0.06371288896080293
2017-05-11,0.06396402553193768
2017-05-12,0.0696238599668064
2017-05-15,0.07206617089964985
2017-05-16,0.22564257569312615
2017-05-17,0.22590605418075851
2017-05-18,0.22565920340661086
2017-05-19,0.2245826864479635
2017-05-22,0.2244520683648537
2017-05-23,0.2262571790280023
2017-05-24,0.22655881031255995
2017-05-25,0.2265158799092774
2017-05-26,0.22795063909113794
2017-05-29,0.2340655200569235
2017-05-30,0.2415812587254341
2017-05-31,0.2414275653186833
2017-06-01,0.24108738180310874
2017-06-02,0.24253618929961007
2017-06-06,0.24235621482529848
2017-06-07,0.24291990102781566
2017-06-08,0.24312145696515758
2017-06-09,0.24315691936207096
2017-06-12,0.24149078001059743
2017-06-13,0.24136343012491354
2017-06-14,0.09399359568026786
2017-06-15,0.09151949301136764
2017-06-16,0.09200937596973899
2017-06-19,0.09059106200929724
2017-06-20,0.090937132986492
2017-06-21,0.08932312118804302
2017-06-22,0.08926382410001
2017-06-23,0.09142429215886624
2017-06-26,0.09091568350666832
2017-06-27,0.08385241486957042
2017-07-03,0.061328402882297815
2017-07-04,0.0662490837686118
2017-07-05,0.07769946251522256
2017-07-06,0.07059651461952832
2017-07-07,0.06934324580454608
2017-07-10,0.0688533669419287
2017-07-12,0.06886978430877329
2017-07-13,0.06956906569659982
2017-07-14,0.06843146815151657
2017-07-17,0.06453557537015306
2017-07-18,0.06776774617681125
2017-07-19,0.07702539639068179
2017-07-20,0.08303787269971875
2017-07-21,0.08323467971959733
2017-07-24,0.08429411917326594
2017-07-25,0.08385287481538141
2017-07-26,0.08496064252629593
2017-07-27,0.08261018540725852
2017-07-28,0.08806881115129861
2017-07-31,0.08528162997329863
2017-08-01,0.08934767753671721
2017-08-02,0.08251122287299749
2017-08-03,0.07627543053220145
2017-08-04,0.0736987748809984
2017-08-07,0.0719565942139774
2017-08-08,0.07417713084917427
2017-08-09,0.07493843420453744
2017-08-10,0.07291406531977732
2017-08-11,0.08185416448892936
2017-08-14,0.08210786373417958
2017-08-15,0.0817341005026798
2017-08-16,0.07395535472418024
2017-08-17,0.06659376788663392
2017-08-18,0.06805602467371441
2017-08-21,0.0677238357786975
2017-08-22,0.06871716847711207
2017-08-23,0.06744568937908879
2017-08-28,0.06733326698902477
2017-08-29,0.05981589142430939
2017-08-30,0.06027423880167981
2017-08-31,0.05004266112704664
2017-09-01,0.050837771357625114
2017-09-04,0.0507137637624412
2017-09-05,0.052659604532502624
2017-09-06,0.05125823289916366
2017-09-07,0.0510464588886555
2017-09-08,0.05104559374476915
2017-09-11,0.05184266504691551
2017-09-12,0.04152330804860127
2017-09-13,0.03846426498594941
2017-09-14,0.039486165996251876
2017-09-15,0.03930947385731743
2017-09-19,0.03924990423715186
2017-09-20,0.03693457085646855
2017-09-21,0.03618924555804371
2017-09-22,0.03345228979544458
2017-09-25,0.0346192476972066
2017-09-26,0.03489857154158808
2017-09-27,0.03962523157865754
2017-09-28,0.03827780447245483
2017-09-29,0.0384855106537829
2017-10-02,0.0389961469153743
2017-10-03,0.03919843662933171
2017-10-04,0.04328666501273265
2017-10-05,0.0432069669320155
2017-10-06,0.04274939989620346
2017-10-09,0.04277936300817598
2017-10-10,0.04169521390143997
2017-10-11,0.04456456684657463
2017-10-12,0.044422322541851064
2017-10-13,0.043719195076309655
2017-10-17,0.04381922050639766
2017-10-18,0.04377042666438935
2017-10-19,0.042094015569316995
2017-10-20,0.04261387200689128
2017-10-23,0.04615926617350985
2017-10-24,0.04472370105733482
2017-10-25,0.043594523030497566
2017-10-26,0.039269061265222845
2017-10-27,0.039525452936906944
2017-10-30,0.039396251795971816
2017-10-31,0.04453015380910125
2017-11-01,0.047562600307590595
2017-11-02,0.04298505553024404
2017-11-03,0.04305051514089396
2017-11-06,0.043811515083210094
2017-11-07,0.04465622258254088
2017-11-08,0.044665537160621153
2017-11-09,0.04624842008379579
2017-11-10,0.04644759782804941
2017-11-13,0.04624404944849485
2017-11-14,0.047299613468427176
2017-11-15,0.04745661884236429
2017-11-16,0.0478158380973902
2017-11-17,0.04754804253696232
2017-11-20,0.042704766721776456
2017-11-21,0.0469215511559275
2017-11-22,0.046925157335656956
2017-11-23,0.04693659018451009
2017-11-24,0.04716108883878028
2017-11-27,0.047214782805348784
2017-11-28,0.0389393603195234
2017-11-29,0.03672403394451123
2017-11-30,0.036715154712077425
2017-12-01,0.0391415513686139
2017-12-04,0.04054241421397445
2017-12-05,0.039697492604082146
2017-12-06,0.03965289265024168
2017-12-07,0.03467562938838778
2017-12-08,0.03462284672755825
2017-12-11,0.03498210496601485
2017-12-12,0.03321484416978149
2017-12-13,0.03286649641070236
2017-12-14,0.03604831933605059
2017-12-15,0.036040365073997084
2017-12-18,0.037168510035341634
2017-12-19,0.02980727338798354
2017-12-20,0.030310802443786825
2017-12-21,0.029970261867185537
2017-12-22,0.03016964688936416
2017-12-26,0.03071640114579015
2017-12-27,0.031127204480498383
2017-12-28,0.031108762003150336
2018-01-03,0.033704890516698366
2018-01-04,0.03012086826212004
2018-01-05,0.028562803100545344
2018-01-09,0.02896924741018879
2018-01-10,0.03203475448697917
2018-01-11,0.041128603123073475
2018-01-12,0.04455164099770771
2018-01-15,0.04654732264421115
2018-01-16,0.04956350124441951
2018-01-17,0.04985622104798609
2018-01-18,0.05025801563982509
2018-01-19,0.053138585842680004
2018-01-22,0.054294907896942156
2018-01-23,0.05535398308986356
2018-01-24,0.05510560408208886
2018-01-25,0.055120293327627246
2018-01-26,0.054763591763849755
2018-01-29,0.0600812280434625
2018-01-30,0.060501006589828155
2018-01-31,0.06105598324947855
2018-02-01,0.0595863558183849
2018-02-02,0.06312500172988647
2018-02-05,0.06370857514277492
2018-02-06,0.06485385917438935
2018-02-07,0.06822701163253178
2018-02-08,0.06384842935132744
2018-02-09,0.06113164161210579
2018-02-12,0.0648220968644629
2018-02-13,0.06290375417384048
2018-02-14,0.06373267801279188
2018-02-15,0.061448668756079544
2018-02-16,0.059160285153708615
2018-02-19,0.0592610548614386
2018-02-20,0.05712412907555163
2018-02-21,0.05697890355636744
2018-02-22,0.05676174795732466
2018-02-23,0.05649382542590275
2018-02-26,0.05338974044695457
2018-02-27,0.05326998269214316
2018-02-28,0.05572734867226635
2018-03-01,0.05593857813491816
2018-03-02,0.052003895998583495
2018-03-05,0.05125973509859525
2018-03-06,0.05052001412558974
2018-03-07,0.04509241265645809
2018-03-12,0.04400135298254741
2018-03-13,0.04554662303438417
2018-03-14,0.03996821458245668
2018-03-15,0.04629883991305112
2018-03-16,0.048786052031728075
2018-03-19,0.047914525910895
2018-03-20,0.047874759630594135
2018-03-21,0.04749805371976999
2018-03-22,0.04689219666732048
2018-03-23,0.046260170261870695
2018-03-26,0.046258434691687646
2018-03-27,0.046009061881535473
2018-03-28,0.047889280518586624
2018-03-29,0.04914535112886811
2018-03-30,0.0498053598142272
2018-04-02,0.05058978869802985
2018-04-03,0.050062925111144255
2018-04-04,0.04953726034043255
2018-04-05,0.04948007387689057
2018-04-06,0.04913414602291743
2018-04-10,0.049266328563652866
2018-04-11,0.049200913757554456
2018-04-12,0.0490331766626763
2018-04-13,0.04134783275299854
2018-04-16,0.0389671508051774
2018-04-17,0.0404840438140023
2018-04-18,0.037583309222326305
2018-04-19,0.039529728888329375
2018-04-20,0.039629292828044074
2018-04-23,0.0402587671084636
2018-04-24,0.049246769334180096
2018-04-25,0.049660193907153434
2018-04-26,0.04655379040151156
2018-04-27,0.047267712062785606
2018-05-02,0.048179360806629594
2018-05-03,0.050267932962484184
2018-05-04,0.05072923679438922
2018-05-07,0.053008205947059524
2018-05-08,0.05419839082011168
2018-05-10,0.05426688797816797
2018-05-11,0.05326323416332751
2018-05-14,0.051676399207132656
2018-05-15,0.0523925208367458
2018-05-16,0.0588054964053744
2018-05-17,0.058348466168338435
2018-05-18,0.059150568799941745
2018-05-21,0.0590031390449946
2018-05-22,0.06146689111764935
2018-05-23,0.06134675260654226
2018-05-24,0.08286949490616444
2018-05-25,0.0833069757627847
2018-05-29,0.10734886958714644
2018-05-30,0.11394701817272929
2018-05-31,0.11360089668167965
2018-06-01,0.1134135173384535
2018-06-04,0.11357457136704176
2018-06-05,0.11282870109517111
2018-06-06,0.1123536121659421
2018-06-07,0.1115866602843581
2018-06-08,0.134636116455092
2018-06-11,0.1346723275047758
2018-06-12,0.13465849074691874
2018-06-13,0.15196516771218693
2018-06-14,0.157979260772897
2018-06-15,0.1716027374566038
